[
{
"team": "Boston Celtics"
},
{
"team": "Dallas Mavericks"
},
{
"team": "Brooklyn Nets"
},
{
"team": "Houston Rockets"
},
{
"team": "New York Knicks"
},
{
"team": "Memphis Grizzlies"
},
{
"team": "Philadelphia 76ers"
},
{
"team": "New Orleans Hornets"
},
{
"team": "Toronto Raptors"
},
{
"team": "San Antonio Spurs"
},
{
"team": "Chicago Bulls"
},
{
"team": "Denver Nuggets"
},
{
"team": "Cleveland Cavaliers"
},
{
"team": "Minnesota Timberwolves"
},
{
"team": "Detroit Pistons"
},
{
"team": "Portland Trail Blazers"
},
{
"team": "Indiana Pacers"
},
{
"team": "Oklahoma City Thunder"
},
{
"team": "Milwaukee Bucks"
},
{
"team": "Utah Jazz"
},
{
"team": "Atlanta Hawks"
},
{
"team": "Golden State Warriors"
},
{
"team": "Charlotte Bobcats"
},
{
"team": "Los Angeles Clippers"
},
{
"team": "Miami Heat"
},
{
"team": "Los Angeles Lakers"
},
{
"team": "Orlando Magic"
},
{
"team": "Phoenix Suns"
},
{
"team": "Washington Wizards"
},
{
"team": "Sacramento Kings"
}
]